-- MySQL dump 10.13  Distrib 8.0.36, for Win64 (x86_64)
--
-- Host: localhost    Database: tempustec
-- ------------------------------------------------------
-- Server version	8.0.36

/*!40101 SET @OLD_CHARACTER_SET_CLIENT=@@CHARACTER_SET_CLIENT */;
/*!40101 SET @OLD_CHARACTER_SET_RESULTS=@@CHARACTER_SET_RESULTS */;
/*!40101 SET @OLD_COLLATION_CONNECTION=@@COLLATION_CONNECTION */;
/*!50503 SET NAMES utf8 */;
/*!40103 SET @OLD_TIME_ZONE=@@TIME_ZONE */;
/*!40103 SET TIME_ZONE='+00:00' */;
/*!40014 SET @OLD_UNIQUE_CHECKS=@@UNIQUE_CHECKS, UNIQUE_CHECKS=0 */;
/*!40014 SET @OLD_FOREIGN_KEY_CHECKS=@@FOREIGN_KEY_CHECKS, FOREIGN_KEY_CHECKS=0 */;
/*!40101 SET @OLD_SQL_MODE=@@SQL_MODE, SQL_MODE='NO_AUTO_VALUE_ON_ZERO' */;
/*!40111 SET @OLD_SQL_NOTES=@@SQL_NOTES, SQL_NOTES=0 */;

--
-- Table structure for table `arquivo`
--

DROP TABLE IF EXISTS `arquivo`;
/*!40101 SET @saved_cs_client     = @@character_set_client */;
/*!50503 SET character_set_client = utf8mb4 */;
CREATE TABLE `arquivo` (
  `ID_Arquivo` int NOT NULL AUTO_INCREMENT,
  `ID_Montagem` int NOT NULL,
  `ISO` varchar(15) DEFAULT NULL,
  `Description` varchar(300) DEFAULT NULL,
  `Company` varchar(30) DEFAULT NULL,
  `Image` varchar(30) DEFAULT NULL,
  `cost` double(16,2) DEFAULT NULL,
  `Archive_Moment` datetime DEFAULT NULL,
  `Archiver_RdF` int DEFAULT NULL,
  PRIMARY KEY (`ID_Arquivo`)
) ENGINE=InnoDB DEFAULT CHARSET=utf8mb4 COLLATE=utf8mb4_0900_ai_ci;
/*!40101 SET character_set_client = @saved_cs_client */;

--
-- Dumping data for table `arquivo`
--

LOCK TABLES `arquivo` WRITE;
/*!40000 ALTER TABLE `arquivo` DISABLE KEYS */;
/*!40000 ALTER TABLE `arquivo` ENABLE KEYS */;
UNLOCK TABLES;

--
-- Table structure for table `arquivo_pecas`
--

DROP TABLE IF EXISTS `arquivo_pecas`;
/*!40101 SET @saved_cs_client     = @@character_set_client */;
/*!50503 SET character_set_client = utf8mb4 */;
CREATE TABLE `arquivo_pecas` (
  `ID_Archive_Parts` int NOT NULL AUTO_INCREMENT,
  `ID_Parts` int NOT NULL,
  `Montagem` int NOT NULL,
  `Description` varchar(300) DEFAULT NULL,
  `Quantity` varchar(40) NOT NULL,
  `Price` decimal(7,2) DEFAULT NULL,
  `Creation_Date` date DEFAULT NULL,
  `Supplier` varchar(40) DEFAULT NULL,
  `Status` int NOT NULL,
  PRIMARY KEY (`ID_Archive_Parts`)
) ENGINE=InnoDB DEFAULT CHARSET=utf8mb4 COLLATE=utf8mb4_0900_ai_ci;
/*!40101 SET character_set_client = @saved_cs_client */;

--
-- Dumping data for table `arquivo_pecas`
--

LOCK TABLES `arquivo_pecas` WRITE;
/*!40000 ALTER TABLE `arquivo_pecas` DISABLE KEYS */;
/*!40000 ALTER TABLE `arquivo_pecas` ENABLE KEYS */;
UNLOCK TABLES;

--
-- Table structure for table `funcionarios`
--

DROP TABLE IF EXISTS `funcionarios`;
/*!40101 SET @saved_cs_client     = @@character_set_client */;
/*!50503 SET character_set_client = utf8mb4 */;
CREATE TABLE `funcionarios` (
  `RdF` int NOT NULL,
  `Name` varchar(100) DEFAULT NULL,
  `CPF` varchar(12) NOT NULL,
  `Password` varchar(30) NOT NULL,
  `Type` int NOT NULL,
  PRIMARY KEY (`RdF`)
) ENGINE=InnoDB DEFAULT CHARSET=utf8mb4 COLLATE=utf8mb4_0900_ai_ci;
/*!40101 SET character_set_client = @saved_cs_client */;

--
-- Dumping data for table `funcionarios`
--

LOCK TABLES `funcionarios` WRITE;
/*!40000 ALTER TABLE `funcionarios` DISABLE KEYS */;
INSERT INTO `funcionarios` VALUES (1233,'Robson Domingos Paganin','14442534845','Tempustec2023',1),(4109,'Valdir Corrêa','14447853892','Tempustec2023',1),(8523,'Conrado Perini Fracacio','37114320850','1',1);
/*!40000 ALTER TABLE `funcionarios` ENABLE KEYS */;
UNLOCK TABLES;

--
-- Table structure for table `historico_custo`
--

DROP TABLE IF EXISTS `historico_custo`;
/*!40101 SET @saved_cs_client     = @@character_set_client */;
/*!50503 SET character_set_client = utf8mb4 */;
CREATE TABLE `historico_custo` (
  `ID_History` int NOT NULL AUTO_INCREMENT,
  `Date` int NOT NULL,
  `Assembly` int NOT NULL,
  `Cost` decimal(16,2) NOT NULL,
  PRIMARY KEY (`ID_History`),
  KEY `Date` (`Date`),
  CONSTRAINT `historico_custo_ibfk_1` FOREIGN KEY (`Date`) REFERENCES `quinzena` (`ID_Fortnight`)
) ENGINE=InnoDB AUTO_INCREMENT=37 DEFAULT CHARSET=utf8mb4 COLLATE=utf8mb4_0900_ai_ci;
/*!40101 SET character_set_client = @saved_cs_client */;

--
-- Dumping data for table `historico_custo`
--

LOCK TABLES `historico_custo` WRITE;
/*!40000 ALTER TABLE `historico_custo` DISABLE KEYS */;
INSERT INTO `historico_custo` VALUES (1,1,1,5494.89),(2,1,2,4900.00),(3,1,3,0.00),(4,1,4,0.00),(5,1,5,6454.31),(6,1,6,0.00),(7,1,7,141.52),(8,1,8,0.00),(9,1,9,0.00),(10,1,10,0.00),(11,1,11,0.00),(12,1,12,0.00),(13,1,13,48.20),(14,1,14,0.00),(15,1,15,0.00),(16,1,19,124.22),(17,1,20,0.00),(18,1,21,0.00),(19,2,1,5900.59),(20,2,2,6800.00),(21,2,3,0.00),(22,2,4,0.00),(23,2,5,7023.80),(24,2,6,0.00),(25,2,7,141.52),(26,2,8,0.00),(27,2,9,0.00),(28,2,10,0.00),(29,2,11,0.00),(30,2,12,0.00),(31,2,13,48.20),(32,2,14,0.00),(33,2,15,0.00),(34,2,19,344.38),(35,2,20,2245.26),(36,2,21,0.00);
/*!40000 ALTER TABLE `historico_custo` ENABLE KEYS */;
UNLOCK TABLES;

--
-- Table structure for table `montagem`
--

DROP TABLE IF EXISTS `montagem`;
/*!40101 SET @saved_cs_client     = @@character_set_client */;
/*!50503 SET character_set_client = utf8mb4 */;
CREATE TABLE `montagem` (
  `ID_Montagem` int NOT NULL AUTO_INCREMENT,
  `ISO` varchar(15) NOT NULL,
  `Description` varchar(300) DEFAULT NULL,
  `Company` varchar(30) DEFAULT NULL,
  `Image` varchar(30) DEFAULT NULL,
  `Cost` decimal(16,2) DEFAULT NULL,
  PRIMARY KEY (`ID_Montagem`)
) ENGINE=InnoDB AUTO_INCREMENT=23 DEFAULT CHARSET=utf8mb4 COLLATE=utf8mb4_0900_ai_ci;
/*!40101 SET character_set_client = @saved_cs_client */;

--
-- Dumping data for table `montagem`
--

LOCK TABLES `montagem` WRITE;
/*!40000 ALTER TABLE `montagem` DISABLE KEYS */;
INSERT INTO `montagem` VALUES (1,'Uso Interno','Produtos Internos da Tempustec','Tempustec',NULL,6700.88),(2,'Combustivel','Valor Gasto em Combustivel','Tempustec',NULL,6800.00),(3,'OS 2720','Router CNC','Tempustec',NULL,0.00),(4,'OS 2846','Desenho do Gradil NR12 embaladora L1 e L2','Electrolux',NULL,0.00),(5,'OS 2858','Montadora de filtros d\'agua','G. Marinheiro',NULL,8357.06),(6,'OS 2848','Equipamentos de Teste de vácuo Motosserra','Husqvarna',NULL,0.00),(7,'OS 2860','Montadora manual distribuidor Nazaré','Electrolux',NULL,141.52),(8,'OS 2827','Cabine de teste de funcionamento motosserras','Husqvarna',NULL,0.00),(9,'OS 2838','Sistema de controle leitura de Qr Code fogões','Electrolux',NULL,0.00),(10,'OS 2855','50 suportes para compressores VHG','Tecumseh',NULL,0.00),(11,'OS 2850','Posto de Retrabalho Limpeza L1','Electrolux',NULL,0.00),(12,'OS 2861','Celula de Pesagem de Oleo da linha 6','Tecumseh',NULL,0.00),(13,'OS 2835','Transportador de Tanques linha 1','Electrolux',NULL,48.20),(14,'OS 2857','Posto de retrabalho Limpeza L1 (Elétrica)','Electrolux',NULL,0.00),(15,'OS 2771','9 Painéis do teste funcional L1','Electrolux',NULL,0.00),(19,'OS 2901','Maquina Semi-Automatica de Montagem de Pipas','W. J. L. M.',NULL,422.22),(20,'OS 2900','2 (duas) Linhas de Montagem Semi-Automatica','Husqvarna',NULL,2641.98),(21,'OS 2887','Equipamento de Colagem Cinta - Freio','Colormaq',NULL,0.00);
/*!40000 ALTER TABLE `montagem` ENABLE KEYS */;
UNLOCK TABLES;

--
-- Table structure for table `pecas`
--

DROP TABLE IF EXISTS `pecas`;
/*!40101 SET @saved_cs_client     = @@character_set_client */;
/*!50503 SET character_set_client = utf8mb4 */;
CREATE TABLE `pecas` (
  `ID_Parts` int NOT NULL AUTO_INCREMENT,
  `Montagem` int NOT NULL,
  `Description` varchar(300) DEFAULT NULL,
  `Quantity` varchar(40) NOT NULL,
  `Price` decimal(7,2) DEFAULT NULL,
  `Creation_Date` date DEFAULT NULL,
  `Supplier` varchar(40) DEFAULT NULL,
  `Status` int NOT NULL,
  PRIMARY KEY (`ID_Parts`)
) ENGINE=InnoDB AUTO_INCREMENT=600 DEFAULT CHARSET=utf8mb4 COLLATE=utf8mb4_0900_ai_ci;
/*!40101 SET character_set_client = @saved_cs_client */;

--
-- Dumping data for table `pecas`
--

LOCK TABLES `pecas` WRITE;
/*!40000 ALTER TABLE `pecas` DISABLE KEYS */;
INSERT INTO `pecas` VALUES (1,1,'Lima Mursa 6mm','1 Peça',0.00,'2024-01-16','Bogas Parafusos',1),(2,1,'Disco Flap','4 Peças',0.00,'2024-01-16','Bogas Parafusos',1),(3,1,'Pano de Malha Sem Costura','4 Unidades',0.00,'2024-01-16','Bogas Parafusos',1),(4,1,'Pilha Alcalina Palito ','4 Embalagens',0.00,'2024-01-16','Bogas Parafusos',1),(5,1,'Fita Asfaltica 0.10 X 10 Metros','2 Rolos',0.00,'2024-01-16','Bogas Parafusos',1),(6,1,'Fita Isolante 20 Metros','4 Rolos',0.00,'2024-01-16','Parafusos São Carlos',1),(7,1,'Thiner','5 Litros',0.00,'2024-01-16','Parafusos São Carlos',1),(8,1,'Araldite 90 Min','1 Unidade',0.00,'2024-01-16','Bogas Parafusos',1),(9,1,'Pino Macho','1 Unidade',0.00,'2024-01-16','Bogas Parafusos',1),(10,1,'Fita Dupla Face 12 x 33 Vermelha','1 Unidade',0.00,'2024-01-16','Bogas Parafusos',1),(11,1,'Pasta Para Lavar as Mãos','1 Unidade',0.00,'2024-01-16','Parafusos São Carlos',1),(12,1,'Silicone PU 40','1 Unidade',0.00,'2024-01-16','Bogas Parafusos',1),(13,1,'Silicone PU Branco','1 Unidade',0.00,'2024-01-16','Parafusos São Carlos',1),(14,1,'Serra Copo 40mm','1 Unidade',0.00,'2024-01-16','Parafusos São Carlos',1),(15,1,'Lixa Ferro 220','1 Unidade',0.00,'2024-01-16','Bogas Parafusos',1),(16,1,'Lixa Ferro 320','1 Unidade',0.00,'2024-01-16','Bogas Parafusos',1),(17,1,'Fita Crepe Larga','6 Unidade',0.00,'2024-01-16','Parafusos São Carlos',1),(18,1,'Disco de Corte 4 polegadas','5 Unidade',0.00,'2024-01-16','Bogas Parafusos',1),(19,1,'Mandril C/CH 13L 1/2x20F 1.5 - 13mm DW21E','2 Unidades',0.00,'2024-01-16','Bogas Parafusos',1),(20,1,'Silicone PU 40 Branco','1 Unidade',0.00,'2024-01-16','Bogas Parafusos',1),(21,1,'Sabão Para Lavar as Mãos','1 Unidade',0.00,'2024-01-16','Parafusos São Carlos',1),(22,1,'Disco de Corte 4 Polegadas','12 Unidades',0.00,'2024-01-16','Bogas Parafusos',1),(23,1,'Torneira Jardim Cromado','1 Unidade',0.00,'2024-01-16','Furlan',1),(24,1,'Serra Tico Tico BU 310 T','3 Unidades',0.00,'2024-01-16','Parafusos São Carlos',1),(25,1,'Carvao numero 20E Tc 40 ','2 Unidades',0.00,'2024-01-16','Bogas Parafusos',1),(26,1,'Broca 3mm','2 Unidades',0.00,'2024-01-16','Bogas Parafusos',1),(27,1,'Disco de Corte 12 x 1/8 x 3/4','1 Unidade',0.00,'2024-01-16','Bogas Parafusos',1),(28,1,'Tinta de Tracagem','0',0.00,'2024-01-16','---------------',1),(29,1,'Oleo De Corte De Metais 500 ml ','1 Unidade',0.00,'2024-01-16','Bogas Parafusos',1),(30,1,'Serra Copo 37 mm','1 Unidade',0.00,'2024-01-16','Parafuso São Carlos',1),(31,1,'Spray Preto Brilhante','1 Unidade',0.00,'2024-01-16','Bogas Parafusos',1),(32,1,'Jogo de Laminas Para Estilete','1 Jogo',0.00,'2024-01-16','Bogas Parafusos',1),(33,1,'Disco Flap 4. 1\'2','5 Unidades',0.00,'2024-01-16','Bogas Parafusos',1),(34,1,'Disco de Corte','5 Unidades',0.00,'2024-01-16','Bogas Parafusos',1),(35,1,'Broca 8.7','1 Peça',0.00,'2024-01-16','Bogas Parafusos',1),(36,1,'Pés para as Mesas 3/8 x 28','3 Peças',0.00,'2024-01-16','Bogas Parafusos',1),(37,1,'Serra Arco','2 Peças',0.00,'2024-01-16','Parafusos São Carlos',1),(38,1,'Pasta para lavar as mãos','1 Unidade',0.00,'2024-01-16','Parafusos São Carlos',1),(39,1,'Silicone PU 40 Branco','1 Unidade',0.00,'2024-01-16','Parafusos São Carlos',1),(40,1,'Lima Mursa K&M 8 Polegadas','4 Unidades',0.00,'2024-01-16','Bogas Parafusos',1),(41,1,'Disco Flap','10 Unidades',0.00,'2024-01-16','Bogas Parafusos',1),(42,1,'Disco de Corte','12 Unidades',0.00,'2024-01-16','Bogas Parafusos',1),(43,1,'Oculos de Proteção','3 Unidades',0.00,'2024-01-16','Bogas Parafusos',1),(44,1,'Macho M 6 ','1 Peça',0.00,'2024-01-16','Bogas Parafusos',1),(45,1,'Broca 3.3','2 Peças',0.00,'2024-01-16','Bogas Parafusos',1),(46,1,'Broca 4.5','1 Peça',0.00,'2024-01-16','Parafusos São Carlos',1),(47,1,'Broca 3.8','1 Peça',0.00,'2024-01-16','Parafusos São Carlos',1),(48,1,'Fresa 4 Cortes 8mm','1 Peça',0.00,'2024-01-16','Bogas Parafusos',1),(49,1,'Fresa 4 Cortes 5mm','1 Peça',0.00,'2024-01-16','Bogas Parafusos',1),(50,1,'Disco Flap 4. 1\'2','2 Unidades',0.00,'2024-01-16','Bogas Parafusos',1),(51,1,'Disco de Corte','12 Unidades',0.00,'2024-01-16','Bogas Parafusos',1),(52,1,'Pano de Malha Sem Costura','4 Embalagens',0.00,'2024-01-16','Bogas Parafusos',1),(53,1,'Disco de Corte 7\'\'','5 Peças',0.00,'2024-01-16','Bogas Parafusos',1),(54,1,'Disco de Corte 4 Polegadas','12 Unidades',0.00,'2024-01-16','Bogas Parafusos',1),(55,1,'Protetor Auricular Silicone','5 Unidades',0.00,'2024-01-16','Bogas Parafusos',1),(56,1,'Disco de Corte 7\'\'','5 Unidades',0.00,'2024-01-16','Bogas Parafusos',1),(57,1,'Caneta de Marcação','5 Unidades',0.00,'2024-01-16','Bogas Parafusos',1),(58,1,'Disco de Desbaste 7\'','3 Unidades',0.00,'2024-01-16','Bogas Parafusos',1),(59,1,'Flap 7\'','1 Unidade',0.00,'2024-01-16','Bogas Parafusos',1),(60,1,'Parafuso M6 x 30','30 Peças',0.00,'2024-01-16','Bogas Parafusos',1),(61,1,'Spray Preto Fosco','1 Unidade',0.00,'2024-01-16','Bogas Parafusos',1),(62,1,'Spray Verniz','1 Unidade',0.00,'2024-01-16','Bogas Parafusos',1),(63,1,'Aplicador de Silicone','1 Peça',0.00,'2024-01-16','Bogas Parafusos',1),(64,1,'Manipulo','1 Peça',0.00,'2024-01-16','Bogas Parafusos',1),(65,1,'Silicone PU 40','1 Unidade',0.00,'2024-01-16','Bogas Parafusos',1),(66,1,'Spray Preto','1 Unidade',0.00,'2024-01-16','Bogas Parafusos',1),(67,1,'Pasta para lavar as mãos','1 Unidade',0.00,'2024-01-16','Bogas Parafusos',1),(68,1,'Graxa Azul','2 Unidades',0.00,'2024-01-16','Circeli Rolamentos',1),(69,1,'Silicone Branco','1 Unidade',0.00,'2024-01-16','Bogas Parafusos',1),(70,1,'Macho Maquina','1 Unidade',0.00,'2024-01-16','Bogas Parafusos',1),(71,1,'Cabo para Cameras malha Vermelho e Preto','200 Metros',0.00,'2024-01-16','Jabu',1),(72,1,'Fita Crepe','6 Unidades',0.00,'2024-01-16','Bogas Parafusos',1),(73,1,'WD 40','2 Unidades',0.00,'2024-01-16','Bogas Parafusos',1),(74,1,'Thinner','5 Litros',0.00,'2024-01-16','Bogas Parafusos',1),(75,1,'Fita Crepe Larga','4 Unidades',0.00,'2024-01-16','Bogas Parafusos',1),(76,1,'Jogo de Macho M6','1 Jogo',0.00,'2024-01-16','Bogas Parafusos',1),(77,1,'Fresa 4 Cortes','1 Peça',0.00,'2024-01-16','Bogas Parafusos',1),(78,1,'Trava Rosca Torque Médio Azul','1 Peça',0.00,'2024-01-16','Bogas Parafusos',1),(79,1,'Tinta Spray Preto Fosco','2 Unidades',0.00,'2024-01-16','Bogas Parafusos',1),(80,1,'Ponta Montada, Pedra de Resbate','1 Peça',0.00,'2024-01-16','Bogas Parafusos',1),(81,1,'Disco de Corte 4 Polegadas','12 Unidades',0.00,'2024-01-16','Bogas Parafusos',1),(82,1,'Disco Flap Grao 60','2 Unidades',0.00,'2024-01-16','Bogas Parafusos',1),(83,1,'Disco Flap Grao 40','2 Unidades',0.00,'2024-01-16','Bogas Parafusos',1),(84,1,'Broca 8.4','1 Peça',0.00,'2024-01-16','Bogas Parafusos',1),(85,1,'Bucha 8 Universal','20 Unidades',0.00,'2024-01-16','Bogas Parafusos',1),(86,1,'Gancho L','20 Peças',0.00,'2024-01-16','Bogas Parafusos',1),(87,1,'Pasta Para Lavar as Mãos','1 Unidade',0.00,'2024-01-16','Bogas Parafusos',1),(88,1,'Tinta Spray Amarelo','1 Unidade',0.00,'2024-01-16','Bogas Parafusos',1),(89,1,'Oculos de Proteção','1 Unidade',0.00,'2024-01-16','Bogas Parafusos',1),(90,1,'Tinta Spray Amarelo','5 Unidades',0.00,'2024-01-16','Bogas Parafusos',1),(91,1,'Abraçadeira 3/4','6 Peças',0.00,'2024-01-16','Bogas Parafusos',1),(92,1,'Lamina Para Mini Serra','1 Jogo',0.00,'2024-01-16','Bogas Parafusos',1),(93,1,'Broca 3.8','1 Peça',0.00,'2024-01-16','Bogas Parafusos',1),(94,1,'Spray Primer','2 Unidades',0.00,'2024-01-16','Bogas Parafusos',1),(95,1,'Disco de Corte 4\'\'','12 Unidades',0.00,'2024-01-16','Bogas Parafusos',1),(96,1,'Pano de Malha Sem Costura','5 Embalagens',0.00,'2024-01-16','Bogas Parafusos',1),(97,1,'Broca 6.4','1 Peça',0.00,'2024-01-16','Bogas Parafusos',1),(98,3,'Parafuso m6x20 Allen Preto','20 Peças',0.00,'2024-01-16','Bogas Parafusos',1),(99,3,'Parafuso M8x20 Allen Preto','12 Peças',0.00,'2024-01-16','Bogas Parafusos',1),(100,1,'Chave para Mandril','1 Peça',0.00,'2024-01-16','Bogas Parafusos',1),(101,1,'Fita Dupla Face 19mm x 20m','1 Unidade',0.00,'2024-01-16','Bogas Parafusos',1),(102,1,'Silicone Transparente','1 Unidade',0.00,'2024-01-16','Bogas Parafusos',1),(103,1,'Broca 5mm','2 Peças',0.00,'2024-01-16','Bogas Parafusos',1),(104,1,'Broca 3.3mm','1 Peça',0.00,'2024-01-16','Bogas Parafusos',1),(105,1,'Broca 6.2mm','1 Peça',0.00,'2024-01-16','Bogas Parafusos',1),(106,7,'Metalon 40 x 40 x 1,5','1 Barra',0.00,'2024-01-16','ENFER',1),(107,7,'Rodizio Giratório Fixo','2 Peças',0.00,'2024-01-16','Bogas Parfusos',1),(108,7,'Rodizio Giratório','2 Peças',0.00,'2024-01-16','Bogas Parafusos',1),(109,7,'Parafuso Allen 4 x 16','10 Peças',0.00,'2024-01-16','Parafusos São Carlos',1),(110,7,'M6 x 50 Allen Inox','1 Peça',0.00,'2024-01-16','Bogas Parafusos',1),(111,7,'M6 x 40 Allen Inox','1 Peça',0.00,'2024-01-16','Bogas Parafusos',1),(112,7,'Parafuso Estojo M6 x 40 Inox','2 Peças',0.00,'2024-01-16','Bogas Parafusos',1),(113,7,'M8 x 30 Allen Preto','10 Peças',0.00,'2024-01-16','Bogas Parafusos',1),(114,8,'Metalon 100 x 100 x 2MM','1 Barra',0.00,'2024-01-16','Enfer',1),(115,8,'Gonzo com aba 3/4','4 Peças',0.00,'2024-01-16','Bogas Parafusos',1),(116,8,'Engate B1','6 Peças',0.00,'2024-01-16','Bogas Parafusos',1),(117,8,'Fecho RX','6 Peças',0.00,'2024-01-16','Bogas Parafusos',1),(118,8,'Metalon 100 x 100 2 MM','1 Barra',0.00,'2024-01-16','Enfer',1),(119,8,'Dobra 1/4 x 60 x 100 x 115','4 Peças',0.00,'2024-01-16','Enfer',1),(120,8,'Cantoneira 1x1/8','4 Barras',0.00,'2024-01-16','Enfer',1),(121,8,'Dobra 1/4 x 100 x 100','4 Peças',0.00,'2024-01-16','Enfer',1),(122,8,'Chapa 470 x 890 x 1,5','1 Peça',0.00,'2024-01-16','Enfer',1),(123,8,'Chapa 1530 x 890 x 1,5','1 Peça',0.00,'2024-01-16','Enfer',1),(124,8,'Chapa 485 x 790 x 1,5','1 Peça',0.00,'2024-01-16','Enfer',1),(125,8,'Chapas (Desenho no whats (Robson/Leandro))',' 2 Peças',0.00,'2024-01-16','------------',1),(126,8,'Cantoneira 5/8 x 1/8','2 Peças',0.00,'2024-01-16','Enfer',1),(127,8,'Chapa Cort 3/16 x 600 x 500','1 Peça',0.00,'2024-01-16','Enfer',1),(128,8,'Perfil Dobra 100 x 120','2 Peças',0.00,'2024-01-16','Enfer',1),(129,8,'Perfil dobra 1/8 x 50 x 250 x 880','2 Peças',0.00,'2024-01-16','Enfer',1),(130,8,'Chapa Corte 1/8 x 1100 x 1100','1 Unidade',0.00,'2024-01-16','Enfer',1),(131,8,'Metalon 40 x 40 x 1.50','1 Barra',0.00,'2024-01-16','Enfer',1),(132,8,'Ferro Chato 1 x 1/8','2 Barras',0.00,'2024-01-16','Enfer',1),(133,8,'Chapa Cortada','2 Peças',0.00,'2024-01-16','Enfer',1),(134,8,'Metalon 70 x 30 x 1.20','2 Peças',0.00,'2024-01-16','Enfer',1),(135,8,'Dobras 1/4 x 60 x 75','4 Peças',0.00,'2024-01-16','Enfer',1),(136,8,'Ferro chato 1\'\' x 1/8\'\'','3 Barras',0.00,'2024-01-16','Enfer',1),(137,8,'Fecho RX Engate','2 Peças',0.00,'2024-01-16','Bogas Parafusos',1),(138,8,'Engate B1','2 Peças',0.00,'2024-01-16','Bogas Parafusos',1),(139,8,'Nylon Redondo Branco 75mm x 300','1 Peças',0.00,'2024-01-16','Quadrimetais',1),(140,8,'Rolamento 6002 ZZ','8 Peças',0.00,'2024-01-16','------------',1),(141,8,'Anel de Trava','1 Peças',0.00,'2024-01-16','------------',0),(142,8,'Acessórios de Fixação do Cilindro Pneumático','3 Peças',0.00,'2024-01-16','------------',0),(143,8,'Parafuso M10 x 30 Conico','4 Peças',0.00,'2024-01-16','Parafusos São Carlos',1),(144,8,'Foram para Pintura Pecas cabine Parcial De Teste','11 Peças',0.00,'2024-01-16','Lam Color',1),(145,8,'Chapas FQ CNC - Plasma Corte','2 Peças',0.00,'2024-01-16','Enfer',1),(146,8,'M 8 x 12 Allen Preto','18 Peças',0.00,'2024-01-16','Bogas Parafusos',1),(147,8,'M 4 x 5 Allen Preto','35 Peças',0.00,'2024-01-16','Bogsa Parafusos',1),(148,8,'M 10 x 16 Allen Preto','15 Peças',0.00,'2024-01-16','Bogas Parafusos',1),(149,8,'M 6 x 65 Allen Preto ','4 Peças',0.00,'2024-01-16','Bogas Parafusos',1),(150,8,'Painel de lã de rocha 48 (1200x600x63)','11 ponto 5 M²',0.00,'2024-01-16','La Rocha',1),(151,8,'Ferro Chato 1/2 x 1/8','4 Peças',0.00,'2024-01-16','Enfer',1),(152,8,'Parafuso Brocante 3/16 x 3/4','100 Peças',0.00,'2024-01-16','------------',1),(153,9,'Parafuso Alem Normal 6 x 10','6 Peças',0.00,'2024-01-16','Parafusos São Carlos',1),(154,9,'Parafuso alem Normal 5 x 8','6 Peças',0.00,'2024-01-16','Parafusos São Carlos',1),(155,9,'Parafuso M6 x 16 Alem inox','4 Peças',0.00,'2024-01-16','Bogas Parafusos',1),(156,10,'Nylon Redondo Branco 140mm x 75mm','1 Peça',0.00,'2024-01-16','Quadrimetais',1),(157,10,'Parafuso Conico Preto m 6 x 35','50 Peças',0.00,'2024-01-16','Parafusos São Carlos',1),(158,13,'Metalom 30 x 70 x 1,5mm','6 Peças',0.00,'2024-01-16','Enfer',1),(159,13,'Viga estrutural 5\'\'x2\'\'x2,65mm','4 Peças',0.00,'2024-01-16','Enfer',1),(160,13,'Barra Roscada M 16','2 Peças',0.00,'2024-01-16','Parafusos São Carlos',1),(161,13,'Porca M 16','16 Peças',0.00,'2024-01-16','Parafusos São Carlos',1),(162,13,'Parafuso M 6 x 16 Alem Normal Preto','4 Peças',0.00,'2024-01-16','Parafusos São Carlos',1),(163,13,'Barra Roscada 3/4\'\'','3 Peças',0.00,'2024-01-16','Parafusos São Carlos',1),(164,13,'Barra Roscada 3/4\'\'','32 Peças',0.00,'2024-01-16','Parafusos São Carlos',1),(165,13,'Porca Sextavada 3\'4 ','16 Peças',0.00,'2024-01-16','Bogas Parafusos',1),(166,13,'Barra Roscada 3/4\'\'','3 Peças',0.00,'2024-01-16','Bogas Parafusos',1),(167,13,'Parafuso Estojo M6 x 16','32 Peças',0.00,'2024-01-16','Bogas Parafusos',1),(168,13,'Chapa aço 1020 3/4\'\' 110x220mm','1 Peça',0.00,'2024-01-16','Enfer',1),(169,13,'Porca M 8 Zincada','24 Peça',0.00,'2024-01-16','Parafusos São Carlos',1),(170,13,'Ferro Chati 2\'\' x 3/16','4 Peças',0.00,'2024-01-16','Enfer',1),(171,13,'Cantoneira 2\'\' x 1/8','4 Peças',0.00,'2024-01-16','Enfer',1),(172,13,'Porca M 8 Zincada','50 Peças',0.00,'2024-01-16','Bogas Parafusos',1),(173,13,'Metalon 70 x 30 x 1.20','1 Barra',0.00,'2024-01-16','Enfer',1),(174,13,'Parafuso Allen Preto M 6 x 25','100 Peças',0.00,'2024-01-16','Bogas Parafusos',1),(175,13,'Cantoneira 1\'\' x 1/8','2 Peças',0.00,'2024-01-16','Enfer',1),(176,13,'Tubo de Aço 1020 4\'\' x 3/16 x 400 mm','8 Peças',0.00,'2024-01-16','Quadrimetais',1),(177,13,'Chapa De Aco 1020 3/8\'\'x 100 x 300','8 Peças',0.00,'2024-01-16','------------',0),(178,13,'Chapa De Aco 1020 3/8\'\'x 100 x 100','8 Peças',0.00,'2024-01-16','------------',0),(179,13,'Mancal FL 205 Rolmax ou Bosch Completo com Rolamento','8 Peças',0.00,'2024-01-16','Circeli Rolamentos',1),(180,13,'Aço 1020 Chato 3/8 x 4\'\' x 300 mm','8 Peças',0.00,'2024-01-16','Quadrimetais',1),(181,13,'Aço 1020 Chato 3/8 x 4 x 100 mm','8 Peças',0.00,'2024-01-16','Quadrimetais',1),(182,13,'Aço 1020 Chato 3/8 4 x 100mm','1 Peça',0.00,'2024-01-16','Quadrimetais',1),(183,13,'Aço 1020 Chato 1/2 x 4\'\' x 200mm','1 Peça',0.00,'2024-01-16','Quadrimetais',1),(184,13,'Parafusos Estojo M 10 x 30','50 Peças',0.00,'2024-01-16','Bogas Parafusos',1),(185,13,'Rolamento 6203 ZZ ','4 Peças',0.00,'2024-01-16','Circeli Rolamentos',1),(186,13,'Porca M 16','8 Peças',0.00,'2024-01-16','Bogas Parafusos',1),(187,13,'Pecas Oxidacao Negra','24 Peças',0.00,'2024-01-16','Cromozinco',1),(188,13,'Parafuso M10 x 35 Estojo','20 Peças',0.00,'2024-01-16','Bogas Parafusos',1),(189,13,'Parafuso M 10 x 25','32 Peças',0.00,'2024-01-16','Bogas Parafusos',1),(190,13,'Porca Sextavada M 10','16 Peças',0.00,'2024-01-16','Bogas Parafusos',1),(191,13,'Porca Sextavada 3/4','16 Peças',0.00,'2024-01-16','Bogas Parafusos',1),(192,13,'Parafuso M8 x 25 Allen Preto','20 Peças',0.00,'2024-01-16','Bogas Parafusos',1),(193,13,'Parafusos M12 x 20 Allen','16 Peças',0.00,'2024-01-16','Bogas Parafusos',1),(194,13,'Parafuso M5 x 10 Abaulado','10 Peças',0.00,'2024-01-16','Bogas Parafusos',1),(195,13,'Parafuso M6 x 10 Abaulado','6 Peças',0.00,'2024-01-16','Bogas Parafusos',1),(196,13,'Parafuso M6 x Allen Preto','32 Peças',0.00,'2024-01-16','Bogas Parafusos',1),(197,13,'Parafuso M6 x 16 Allen Inox','12 Peças',0.00,'2024-01-16','Bogas Parafusos',1),(198,13,'Parafuso M6 x 20 Allen Inox','24 Peças',0.00,'2024-01-16','Bogas Parafusos',1),(199,13,'Parafuso M5 x 10 Abaulado Preto','20 Peças',0.00,'2024-01-16','Bogas Parafusos',1),(200,13,'Parafuso M6 x 25 Allen Inox','20 Peças',0.00,'2024-01-16','Bogas Parafusos',1),(201,13,'Óleo de Corte','1 Unidade',0.00,'2024-01-16','Bogas Parafusos',1),(202,13,'Parafuso M6 x 16 Allen','30 Peças',0.00,'2024-01-16','Bogas Parafusos',1),(203,13,'Parafuso M6 x 20 Allen','8 Peças',0.00,'2024-01-16','Bogas Parafusos',1),(204,13,'Arroela M 6 Reforçada','8 Peças',0.00,'2024-01-16','Bogas Parafusos',1),(205,13,'Disco de Corte Pequeno 4\'\'','12 Unidades',0.00,'2024-01-16','Bogas Parafusos',1),(206,13,'Parafuso M6 x 25 Allen Preto','10 Peças',0.00,'2024-01-16','Bogas Parafusos',1),(207,13,'Parafuso Allen abaulado M6 x 30','20 Peças',0.00,'2024-01-16','Bogas Parafusos',1),(208,13,'Arroela M6','1 Peça',0.00,'2024-01-16','Bogas Parafusos',1),(209,13,'Parafuso Sextavado M 16 x 80','1 Peça',0.00,'2024-01-16','Bogas Parafusos',1),(210,13,'Porca Lock M 16','1 Peça',0.00,'2024-01-16','Bogas Parafusos',1),(211,13,'Arroela M 16','1 Peça',0.00,'2024-01-16','Bogas Parafusos',1),(212,13,'M 5 x 20 Abaulado','4 Peças',0.00,'2024-01-16','Bogas Parafusos',1),(213,13,'M 5 x 15 Abaulado','4 Peças',0.00,'2024-01-16','Bogas Parafusos',1),(214,13,'M 8 x 30 Conico Preto','4 Peças',0.00,'2024-01-16','Bogas Parafusos',1),(215,13,'Parabolti 3/8 x 3\'\'','30 Peças',0.00,'2024-01-16','Bogas Parafusos',1),(216,15,'Estojo M5 x 10 - Allen','20 Peças',0.00,'2024-01-16','------------',1),(217,15,'Aço 1020 Quadrado Trelifiado 1/2 x 230mm','1 Peça',0.00,'2024-01-16','Quadrimetais',1),(218,15,'Curva Vertical 90 x 38 x 38','2 Unidades',0.00,'2024-01-16','Jabu',1),(219,15,'Emenda T Para Perfilado 38 x 38','2 Unidades',0.00,'2024-01-16','Jabu',1),(220,15,'Emenda Para Perfilado 38 x 38','4 Unidades',0.00,'2024-01-16','Jabu',1),(221,15,'perfilado 38 x 38 6 Metros','2 Barras',0.00,'2024-01-16','Jabu',1),(222,15,'Tampa do Perfilado','2 Unidades',0.00,'2024-01-16','Jabu',1),(223,15,'Zincagem','20 Peças',0.00,'2024-01-16','Cromozinco',1),(224,15,'Zincagem','10 Peças',0.00,'2024-01-16','Cromozinco',1),(225,15,'M8 x 25 Allen Preto','6 Peças',0.00,'2024-01-16','------------',1),(226,15,'Porca Lock M8','6 Peças',0.00,'2024-01-16','------------',1),(227,15,'Fota Isolante 3 M','1 Unidade',0.00,'2024-01-16','Jabu',1),(228,15,'Curva 90 Graus Eletroduto 3/4','1 Unidade',0.00,'2024-01-16','Jabu',1),(229,15,'Saida Lateral Simples 3/4 para Eletroduto','1 Unidade',0.00,'2024-01-16','Jabu',1),(230,15,'Saida Horizontal para Eletroduto 3/4','1 Unidade',0.00,'2024-01-16','Jabu',1),(231,15,'Unique 3/4','2 Unidades',0.00,'2024-01-16','Jabu',1),(232,15,'Condulete com Tampa Cega 3/4','1 Unidade',0.00,'2024-01-16','Jabu',1),(233,5,'Chapa Sextavada Cortada em CNC','1 Peça',0.00,'2024-01-16','Enfer',1),(234,5,'Chapa Sextavada com furo Cortada em CNC','1 Peça',0.00,'2024-01-16','Enfer',1),(236,5,'Arroela de Inox M6x1/4','50 Peças',0.00,'2024-01-16','Parafuso São Carlos',1),(237,5,'Aço 1020 Chato 3/4 x 2 1/2','16 Peças',0.00,'2024-01-16','Quadrimetais',1),(238,5,'Aço 1020 Chato 1/4 x 4 x 250','6 Peças',0.00,'2024-01-16','Quadrimetais',1),(239,5,'Micro 3 Rosca 1/2','8 Peças',0.00,'2024-01-16','Bogas Parafusos',1),(240,5,'Parafuso Inox M6 x 25','50 Peças',0.00,'2024-01-16','Parafusos São Carlos',1),(241,5,'Arruela Lisa Inox 5/16','100 Peças',0.00,'2024-01-16','Parafusos São Carlos',1),(242,5,'Parafuso M8 x 30 Allen Normal','24 Peças',0.00,'2024-01-16','Bogas Parafusos',1),(243,5,'Aço Redondo Trefilado 13/4 x 400 mm','1 Peça',0.00,'2024-01-16','Quadrimetais',1),(244,5,'Perfil Estrutural 5\'\' x 2\'\'','1 Barra',0.00,'2024-01-16','Enfer',1),(245,5,'Metalon 40 x 40 x 1,5 mm','4 Barras',0.00,'2024-01-16','Enfer',1),(246,5,'Anel Elastico E 30','16 Peças',0.00,'2024-01-16','Circeli',1),(247,5,'Parafuso Inox M6 x 16','10 Peças',0.00,'2024-01-16','Parafusos São Carlos',1),(248,5,'Porca Rapida M4 x 10','40 Peças',0.00,'2024-01-16','Parafusos São Carlos',1),(249,5,'Rebite C/R Sextavado M 4','50 Peças',0.00,'2024-01-16','Bogas Parafusos',1),(250,5,'Parafuso ST Inox M 4 x 16','50 Peças',0.00,'2024-01-16','Bogas Parafusos',1),(251,5,'Parafuso M6 x 20 Inox Abaulado','20 Peças',0.00,'2024-01-16','Bogas Parafusos',1),(252,5,'Parafuso M6 x 15 Inox Abaulado','20 Peças',0.00,'2024-01-16','Bogas Parafusos',1),(253,5,'Arruela M 6 1,5 mm Inox','40 Peças',0.00,'2024-01-16','Bogas Parafusos',1),(254,5,'Rebite Roscavel M6','20 Peças',0.00,'2024-01-16','Bogas Parafusos',1),(255,5,'Parafuso Allen Abaulado M4 x 10','15 Peças',0.00,'2024-01-16','Parafusos São Carlos',1),(256,5,'Metalon 40 x 40 x 1,5mm','1 Barra',0.00,'2024-01-16','Enfer',1),(257,5,'Parafuso Abaulado Inox 6 x 16','40 Peças',0.00,'2024-01-16','Parafusos São Carlos',1),(258,5,'Parafuso Abaulado Inox 6 x 20','40 Peças',0.00,'2024-01-16','Parafusos São Carlos',1),(259,5,'Arroela Lisa Inox 1/4','80 Peças',0.00,'2024-01-16','Parafusos São Carlos',1),(260,5,'Porca Rebite Sextavado M6','40 Peças',0.00,'2024-01-16','Parafusos São Carlos',1),(261,5,'Chapas FQ','6 Peças',0.00,'2024-01-16','Enfer',1),(262,5,'Pintura Cinza 7035','2 Peças',0.00,'2024-01-16','Lam Color',1),(263,5,'Pintura Laranja','3 Peças',0.00,'2024-01-16','Lam Color',1),(264,5,'Pintura Amarelo','2 Peças',0.00,'2024-01-16','Lam Color',1),(265,5,'Zincagem Branco','10 Peças',0.00,'2024-01-16','Cromo Zinco',1),(266,5,'Mancal UCF 205 025','2 Peças',0.00,'2024-01-16','------------',1),(267,5,'Mancal Esticador UCT 205 025','2 Peças',0.00,'2024-01-16','------------',1),(268,5,'Chap FQ','1 Peças',0.00,'2024-01-16','Enfer',1),(269,5,'Aço 1045 Redondo 1.1/4 x 500','1 Peças',0.00,'2024-01-16','Quadrimetais',1),(270,5,'Cantoneira de Aluminio 1/8 x 1 x 100mm','1 Peças',0.00,'2024-01-16','Quadrimetais',1),(271,5,'Peças Esteira','5 Peças',0.00,'2024-01-16','Lamcolor',1),(272,5,'SY5120-5DZ-01','1 Peças',0.00,'2024-01-16','------------',0),(273,1,'Pincel 1.1/2','3 Unidades',4.72,'2024-01-16','Bogas Parafusos',1),(274,1,'Spray Veniz','1 Unidade',17.18,'2024-01-16','Bogas Parafusos',1),(275,5,'Parafuso M6 x 16','50 Peças',0.00,'2024-01-16','Bogas Parafusos',1),(276,5,'Guias KRH15 - 435mm','10 Peças',0.00,'2024-01-16','------------',0),(277,5,'Patins KRH15 - VL - N - Z0 Sem Aba','10 Peças',0.00,'2024-01-16','------------',0),(278,5,'Cilindro CM2B25 - 300Z1','0',0.00,'2024-01-16','------------',0),(279,5,'Perfilado Cadeirinha 20 x 20','4 Peças',0.00,'2024-01-16','Enfer',1),(280,5,'Ferro Chato 2 x 1/4','1 Peça',0.00,'2024-01-16','Enfer',1),(281,5,'Anel Elastico I 30','24 Peças',0.00,'2024-01-16','Circeli Rolamentos',1),(282,5,'Parafuso M 4 x 10 Allen Normal','4 Peças',0.00,'2024-01-16','Parafusos São Carlos',1),(283,5,'Cantoneira 2 x 3/16','1 Peça',0.00,'2024-01-16','Enfer',1),(284,5,'Aluminio 60 x 70 x 15 mm','6 Peças',0.00,'2024-01-16','------------',1),(285,5,'Aluminio105 x 70 x 55','3 Peças',0.00,'2024-01-16','------------',1),(286,5,'Aluminio 280 x 70 x 15 mm','3 Peças',0.00,'2024-01-16','------------',1),(287,5,'Ferro Chato de 3/8 x 4 x 1000','1 Peça',0.00,'2024-01-16','------------',1),(288,5,'Parafuso Abaulado M6 x 16','50 Peças',0.00,'2024-01-16','Bogas Parafusos',1),(289,5,'Anel Elastico E - 30 RF','24 Peças',0.00,'2024-01-16','Circeli Rolamentos',1),(290,5,'Aluminio Quadrado 3 x 15','6 Peças',0.00,'2024-01-16','Quadrimetais',1),(291,5,'Aluminio Quadrado 3 x 105','3 Peças',0.00,'2024-01-16','Quadrimetais',1),(292,5,'Aluminio Chato 5/8 x 3 x 280','3 Peças',0.00,'2024-01-16','Quadrimetais',1),(293,5,'Corte de Chapa','6 Peças',0.00,'2024-01-16','Start Lazer',1),(294,5,'Ferro Chato 1.1/2 x 1/4','1 Peças',0.00,'2024-01-16','Enfer',1),(295,5,'Parafuso Inox 6 x 10','40 Peças',0.00,'2024-01-16','Bogas Parafusos',1),(296,5,'Parafuso M 8 x 20 Allen','16 Peças',0.00,'2024-01-16','Bogas Parafusos',1),(297,5,'Parafuso M 10 x 30','8 Peças',0.00,'2024-01-16','Bogas Parafusos',1),(298,5,'Parafuso M10 x 20','4 Peças',0.00,'2024-01-16','Bogas Parafusos',1),(299,5,'Porca M10','10 Peças',0.00,'2024-01-16','Bogas Parafusos',1),(300,5,'Ferro Chato 2 x 3/16','2 Peças',0.00,'2024-01-16','Enfer',1),(301,5,'Cabo PP 1.5mm 5 Vias','20 Metros',0.00,'2024-01-16','Jabu',1),(302,5,'M 4 x 8 Abaulado Inox','6 Peças',0.00,'2024-01-16','Bogas Parafusos',1),(303,5,'M 4 x 10 Abaulado Inox','12 Peças',0.00,'2024-01-16','Bogas Parafusos',1),(304,5,'Parafuso Allen M4 x 10','40 Peças',0.00,'2024-01-16','Parafusos São Carlos',1),(305,5,'Parafuso M4 x 16','92 Peças',0.00,'2024-01-16','Parafusos São Carlos',1),(306,5,'Fio Vermelho 1,5 mm','1 Peça',0.00,'2024-01-16','Jabu',1),(307,5,'Fio Azul Escuro 1mm','1 Peça',0.00,'2024-01-16','Ca and Ma',1),(308,5,'Chaveta 8mm','1 Peça',0.00,'2024-01-16','Quadrimetais',1),(309,5,'Peças Mesa','6 Peças',0.00,'2024-01-16','Zincocromo',1),(310,1,'Cabo de Martelo','1 Peça',0.00,'2024-01-16','Bogas Parafusos',1),(311,5,'Aluminio Redondo 3 1/2 x 125 mm','3 Peças',0.00,'2024-01-16','Quadrimetais',1),(312,5,'Aço Redondo Trefilado 1 x 100 mm','1 Peças',0.00,'2024-01-16','Quadrimetais',1),(313,5,'Peças Diversas do G Marinheiro para Zincagem','90 Peças',0.00,'2024-01-16','Zincocromo',1),(314,5,'Parafuso M10 x 25 Sextavado','15 Peças',0.00,'2024-01-16','Parafusos São Carlos',1),(315,5,'Arroela M10','16 Peças',0.00,'2024-01-16','Parafusos São Carlos',1),(316,5,'Anel Elastico I 34','6 Peças',0.00,'2024-01-16','Circeli Rolamentos',1),(317,5,'Anel Trava Furo 32','6 Peças',0.00,'2024-01-16','Circeli Rolamentos',1),(318,5,'Peças Diversas do G Marinheiro Para a Zincagem','6 Peças',0.00,'2024-01-16','Cromozinco',1),(319,5,'Aço 1020 chato 1\'\' x 3\'\' x 500mm','1 Peça',0.00,'2024-01-16','Quadrimetais',1),(320,5,'Aluminio Chato 5/8\'\' x 3\'\' x 260 mm','6 Peças',0.00,'2024-01-16','Quadrimetais',1),(321,5,'Aluminio Bloco 70 mm x 100 mm x 30 mm','3 Peças',0.00,'2024-01-16','Quadrimetais',1),(322,5,'Aluminio Chato 5/8\'\' x 2\'\' x 40 mm','3 Peças',0.00,'2024-01-16','Quadrimetais',1),(323,5,'Ferro Chato 1/4 x 1/2','1 Peça',0.00,'2024-01-16','Enfer',1),(324,5,'Parafuso M6 x 20','30 Peças',0.00,'2024-01-16','Bogas Parafusos',1),(325,5,'Parafuso M6 x 15 Abaulado','20 Peças',0.00,'2024-01-16','Bogas Parafusos',1),(326,5,'Parafuso M6 x 15 Allen Preto','62 Peças',0.00,'2024-01-16','Bogas Parafusos',1),(327,5,'Parafuso M6 x 16','55 Peças',0.00,'2024-01-16','Bogas Parafusos',1),(328,5,'Parafuso M8 x 16','10 Peças',0.00,'2024-01-16','Bogas Parafusos',1),(329,5,'Parafuso M6 x 50 Allen Preto','24 Peças',0.00,'2024-01-16','Bogas Parafusos',1),(330,5,'Parafuso Allen Preto M6 x 15','20 Peças',0.00,'2024-01-16','Bogas Parafusos',1),(331,5,'Porca M10','6 Peças',0.00,'2024-01-16','Bogas Parafusos',1),(332,5,'Parafuso M8 x 16','20 Peças',0.00,'2024-01-16','Bogas Parafusos',1),(333,5,'Parafuso M4 x 10','4 Peças',0.00,'2024-01-16','Bogas Parafusos',1),(334,5,'Arruela Lisa Inox M4','45 Peças',0.00,'2024-01-16','Bogas Parafusos',1),(335,5,'Parafuso M6 x 16 Allen Preto','50 Peças',0.00,'2024-01-16','Bogas Parafusos',1),(336,5,'Parafuso M8 x 20 Allen Preto','16 Peças',0.00,'2024-01-16','Bogas Parafusos',1),(337,5,'Parafuso M5 x 16 Abaulado Preto','20 Peças',0.00,'2024-01-16','Bogas Parafusos',1),(338,5,'Rebite com Rosca Sextavado','20 Peças',0.00,'2024-01-16','Bogas Parafusos',1),(339,5,'Aluminio Chato 2/8 x 3\'\' x 260mm','3 Peças',0.00,'2024-01-16','Quadrimetais',1),(340,5,'Cabo PP 10 Vias x 1,5 mm','10 Metros',0.00,'2024-01-16','Jabu',1),(341,5,'Botão 22mm Plastico Soco Impulsão','2 Peças',0.00,'2024-01-16','Jabu',1),(342,5,'Caixa 3 Furos WEG','1 Peça',0.00,'2024-01-16','Jabu',1),(343,5,'Nylon 1.3/4 x 300 mm Branco','0',0.00,'2024-01-16','------------',0),(344,5,'Conexão 1/8 x 6','10 Unidades',0.00,'2024-01-16','Bogas Parafusos',1),(345,5,'Rolamento 6002 ZZ','2 Peças',0.00,'2024-01-16','Circeli Rolamentos',1),(346,5,'Anel Elastico I 34 RF','2 Peças',0.00,'2024-01-16','Circeli Rolamentos',1),(347,5,'Anel Elastico I 32 RF','2 Peças',0.00,'2024-01-16','Circeli Rolamentos',1),(348,5,'Parafuso Abaulado Inox 6 x 20','30 Peças',0.00,'2024-01-16','Bogas Parafusos',1),(349,5,'M6 x 40 Allen Preto com Porca e Arroelas','8 Peças',0.00,'2024-01-16','Bogas Parafusos',1),(350,5,'M6 x 12 Inox Abaulado','30 Peças',0.00,'2024-01-16','Bogas Parafusos',1),(351,5,'Veda Flange Liquido','1 Peça',0.00,'2024-01-16','Bogas Parafusos',1),(352,5,'Barra Roscada de Inox M8','2 Peças',0.00,'2024-01-16','Bogas Parafusos',1),(353,5,'Porca M8 Inox','8 Peças',0.00,'2024-01-16','Bogas Parafusos',1),(354,5,'Arroelas de Inox M8','8 Peças',0.00,'2024-01-16','Bogas Parafusos',1),(355,6,'Chapa 3/16 - 690 x 700','1 Peça',0.00,'2024-01-16','Enfer',1),(356,6,'Cantoneira 5/8\'\' x 1/8\'\'','1 Peça',0.00,'2024-01-16','Enfer',1),(357,6,'Rodizio Fixo','2 Unidades',0.00,'2024-01-16','Bogas Parafusos',1),(358,6,'Rodizio Giratório com Freio','2 Unidades',0.00,'2024-01-16','Bogas Parafusos',1),(359,6,'Chapas Cortadas Diversas','6 Unidades',0.00,'2024-01-16','Enfer',1),(360,6,'Parafuso Allen Abaulado 5 x 8','10 Peças',0.00,'2024-01-16','Parafusos São Carlos',1),(361,6,'Parafuso Allen 6 x 12','10 Peças',0.00,'2024-01-16','Parafusos São Carlos',1),(362,6,'Parafuso Allen 6 x 20','10 Peças',0.00,'2024-01-16','Parafusos São Carlos',1),(363,6,'Parafuos Allen 6 x 10','4 Peças',0.00,'2024-01-16','Parafusos São Carlos',1),(364,6,'Botoeira Preta','4 Unidades',0.00,'2024-01-16','Jabu',1),(365,6,'Botoeira Vermelha','2 Unidades',0.00,'2024-01-16','Jabu',1),(366,6,'Cadeirinha 20 x 20','1 Peça',0.00,'2024-01-16','Enfer',1),(367,6,'Regulador de Pressão Série ARM NCM 84811000','5 Peças',0.00,'2024-01-16','------------',0),(368,6,'Mangueira PU Azul','30 Metros',0.00,'2024-01-16','Peronti',1),(369,6,'PU Vermelho 90 Shore 25 mm x 300','1 Peça',0.00,'2024-01-16','Quadrimetais',1),(370,6,'PU Vermelho 90 Shore 20 mm x 300','1 Peça',0.00,'2024-01-16','Quadrimetais',1),(371,6,'Chave Seletora WEG Sére Msw16 Msw16P-3','1 Peça',0.00,'2024-01-16','Jabu',1),(372,6,'Parafuso Inox Cabeça Abaulado M4 x 10','12 Peças',0.00,'2024-01-16','Parafusos São Carlos',1),(373,6,'Parafuso Abaulado M6 x 30 Preto','30 Peças',0.00,'2024-01-16','Bogas Parafusos',1),(374,6,'Pino Guia Diametro 10 x 20 mm','2 Peças',0.00,'2024-01-16','Bogas Parafusos',1),(375,6,'Parafuso M4 x 20','10 Peças',0.00,'2024-01-16','Bogas Parafusos',1),(376,6,'Parafuso M5 x 10','10 Peças',0.00,'2024-01-16','Bogas Parafusos',1),(377,6,'Arroela Lisa M4','2 Peças',0.00,'2024-01-16','Bogas Parafusos',1),(378,6,'Porca Travante Baixa NA05','6 Peças',0.00,'2024-01-16','Bogas Parafusos',1),(379,6,'Arroela Lisa M6','6 Peças',0.00,'2024-01-16','Bogas Parafusos',1),(380,6,'Parafuso M5','6 Peças',0.00,'2024-01-16','Bogas Parafusos',1),(381,7,'M4 x 50 Allen Preto','2 Peças',0.00,'2024-01-16','Bogas Parafusos',1),(382,7,'M6 x 20','6 Peças',0.00,'2024-01-16','Bogas Parafusos',1),(383,13,'Barra Perfil TE 1/8 x 1\'\'','1 Peça',0.00,'2024-01-16','Enfer',1),(384,13,'Barra Cantoneira 1/8 x 1\'\'','1 Peça',0.00,'2024-01-16','Enfer',1),(385,13,'Cabo PP 3 x 2,5 mm','10 Metros',0.00,'2024-01-16','AK Suplementos',1),(386,13,'Tomada 2 P + T 20A 250V Baixa Vermelha Liz','1 Unidade',0.00,'2024-01-16','AK Suplementos',1),(387,13,'Tampa 3/4 1 P Vertical Liz/Luz/SP','1 Unidade',0.00,'2024-01-16','AK Suplementos',1),(388,7,'Conexão 1/4 x 6 ','2 Peças',4.67,'2024-01-16','Peronti Suplementos',1),(389,7,'Conexão 1/4 x 8','6 Peças',4.88,'2024-01-16','Peronti Suplementos',1),(390,7,'Filtro Reg. Mini1/4 AEFR2000 C/ Manom','1 Peça',92.50,'2024-01-16','Peronti Suplementos',1),(391,7,'VPSLM18 Silenciador G 1/8 Faceado ','4 Peças',2.60,'2024-01-16','Peronti Suplementos',1),(392,5,'Filtro Reg.Mini 1/4 AEFR2000 C/ Manom','1 Peça',92.50,'2024-01-16','Peronti Suplementos',1),(393,5,'Redondo Nylon 70 x 530mm','1 Peça',174.00,'2024-01-16','Abeneto',1),(395,5,'Redondo Aluminio 3.1/4 x 143mm','1 Peça',89.00,'2024-01-16','Abeneto',1),(396,1,'Pino Guia 10 x 100','1 Peça',6.41,'2024-01-16','Bogas Parafusos',1),(397,5,'Rolameto 6203-ZZ SKF','6 Peças',25.00,'2024-01-17','Circeli Rolamentos',1),(398,5,'Anel Elastico','6 Peças',1.00,'2024-01-17','Circeli Rolamentos',1),(399,1,'Thiner','1 Unidade',91.09,'2024-01-17','Bogas Parafusos',1),(400,1,'Spray Preto Brilhante','1 Unidade',19.38,'2024-01-17','Bogas Parafusos',1),(401,1,'Trena 5 Metros','1 Unidade',49.91,'2024-01-18','Bogas Parafusos',1),(402,5,'Parafuso M6 x 16','14 Peças',0.23,'2024-01-18','Bogas Parafusos',1),(403,5,'Parafuso Inox M3 x 12','8 Peças',0.56,'2024-01-18','Bogas Parafusos',1),(404,5,'Parafuso Inox M6 x 16','10 Peças',0.42,'2024-01-18','Bogas Parafusos',1),(405,5,'Porca Inox M6','16 Peças',0.18,'2024-01-18','Bogas Parafusos',1),(406,5,'Parafuso Inox M6 x 16','16 Peças',0.36,'2024-01-18','Bogas Parafusos',1),(407,5,'Parafuso Inox M6 x 12','16 Peças',0.34,'2024-01-18','Bogas Parafusos',1),(408,1,'Pasta Higienica','1 Unidade',66.24,'2024-01-18','Bogas Parafusos',1),(409,5,'Cabo PP 4 x 1,5mm - 5 Metros','1 Peça',29.25,'2024-01-19','AK Suplementos',1),(410,5,'Aço 1045 Redondo Retificado 20m x 300','1',22.50,'2024-01-19','Quadrimetais',1),(411,5,'Mancal FL204','2 Peças',0.00,'2024-01-19','Circeli rolamentos',0),(412,5,'Rolamento UC204','2 Peças',0.00,'2024-01-19','Circeli rolamentos',0),(413,1,'Broca de Centro Diâmetro de 8 cm com ponta 3,15','0',0.00,'2024-01-22','------------',0),(414,1,'Silicone Branco','1 Peça',17.87,'2024-01-22','Bogas Parafusos',1),(415,5,'Parafuso Inox M3 x 12','30 Peças',16.73,'2024-01-22','Bogas Parafusos',1),(416,5,'Porca Travante Inox M3','30 Peças',4.17,'2024-01-22','Bogas Parafusos',1),(417,1,'Disco Flap Gramatura 40','3 Unidades',19.94,'2024-01-23','Bogas Parafusos',1),(418,1,'Disco De Corte 4\'\'','12 Unidades',2.63,'2024-01-23','Bogas Parafusos',1),(419,1,'Silicone PU Branco','1 Unidade',16.69,'2024-01-23','Bogas Parafusos',1),(420,1,'Disco Lixa Aderente Com Furo 125mm','20 Unidades',1.25,'2024-01-23','Bogas Parafusos',1),(421,1,'Protetor Auricular De Silicone','6 Unidades',2.44,'2024-01-24','Bogas Parafusos',1),(422,1,'Silicone PU Fix Cinza TEK BOND','1 Unidade',27.86,'2024-01-24','Bogas Parafusos',1),(423,12,'4 Metros de Sealtubo Metálico Flexível Emborrachado 1\'\'','0',71.52,'2024-01-25','AK Suplementos',1),(424,12,'2 Conduletes 1\'\'','0',40.90,'2024-01-25','AK Suplementos',1),(425,12,'2 Tampa Cego 1\'\'','0',11.18,'2024-01-25','AK Suplementos',1),(426,12,'4 Conectores Giratórios de1\'\'','0',79.44,'2024-01-25','AK Suplementos',1),(427,12,'8 Tampas de Plástico para Condulete 1\'\'','0',2.64,'2024-01-25','AK Suplementos',1),(428,12,'2 Prensa Cabo de 1\'\'','0',25.88,'2024-01-25','AK Suplementos',1),(429,12,'4 Abraçadeira tipo D c/ cunha 1\'\'','0',13.40,'2024-01-25','AK Suplementos',1),(430,1,'Fita Asfaltica 10 Metros','1 Unidade',87.86,'2024-01-26','Bogas Parafusos',1),(431,1,'Silicone PU Cinza ','1 Unidade',30.26,'2024-01-26','Bogas Parafusos',1),(432,1,'cotovelo 90 G 20x10 Branco','10 Unidades',0.79,'2024-01-26','AK Suplementos',1),(433,1,'Cotovelo Interno 20x10 Branco','10 Unidades',0.76,'2024-01-26','AK Suplementos',1),(434,1,'Luva Emenda 20x10 Branco','10 Unidades',0.83,'2024-01-26','AK Suplementos',1),(435,1,'Canaleta Alumbra DP. Face BCA','10 Unidades',6.90,'2024-01-26','AK Suplementos',1),(436,1,'Caixa + Tampa 1 Posto LizFlex','2 Unidades',4.89,'2024-01-26','AK Suplementos',1),(437,1,'Cordão Paralelo 2 C 1,0 MM2 BR( R00100)','10 Metros',18.80,'2024-01-26','AK Suplementos',1),(438,1,'Tomada 2P + 20A/250V Liz','2 Unidades',7.42,'2024-01-26','AK Suplementos',1),(439,1,'Fita Isolante 3M Imperial 20 MTS','4 Unidades',13.00,'2024-01-26','AK Suplementos',1),(440,1,'Bateria Alcalina 9 Volts','2 Unidades',43.84,'2024-01-26','Bogas Parafusos',1),(441,1,'Spray Amarelo','1 Unidade',17.35,'2024-01-26','Bogas Parafusos',1),(442,5,'Parafuso M8 x 25 Alem Preto','6 Peças',0.50,'2024-01-29','Bogas Parafusos',1),(443,5,'Parafuso M8 x 20 Alem Preto','12 Peças',0.55,'2024-01-29','Bogas Parafusos',1),(444,5,'Porca Sextavada M12 x 1.25','2 Peças',0.46,'2024-01-29','Bogas Parafusos',1),(445,1,'Lixa Ferro GR 120 ','10 Unidades',3.03,'2024-01-29','Bogas Parafusos',1),(446,1,'Serra Copo 33mm','1 Peça',62.16,'2024-01-30','Bogas Parafusos',1),(447,1,'Tinta Spray Preto Brilhante','1 Unidade',17.45,'2024-01-31','Bogas Parafusos',0),(448,1,'Macho manual AR 101 10x1,5mm','1 jogo',244.60,'2024-01-31','Bogas Parafusos',1),(449,2,'Combustivel Alcool','20 Litros',100.00,'2024-02-02','Posto Pantanal',1),(450,1,'Engate Rápido P/ Mangueira','1 Peça',4.11,'2024-02-02','Bogas Parafusos',1),(451,1,'Broca 4.7','1 Unidade',6.89,'2024-02-02','Bogas Parafusos',1),(452,1,'Caixa De Descarga','2 Unidades',46.50,'2024-02-02','Furlan Materiais De Construção',1),(453,1,'Sapato De Segurança Número 40','1 Par',99.91,'2024-02-06','Bogas Parafusos',1),(454,1,'Spray Primer Fundo','1 Unidade',17.36,'2024-02-06','Bogas Parafusos',1),(455,19,'Parafuso Sextavado M10 x 120','2 Unidades',2.28,'2024-02-06','Bogas Parafusos',1),(456,19,'Parafuso Cónico M8 x 20','2 Unidades',0.43,'2024-02-06','Bogas Parafusos',1),(457,5,'Ponteira PVC Vermelha 1.1/8','30 Peças',0.37,'2024-02-06','Bogas Parafusos',1),(459,1,'Lixa Ferro 220','1 Peça',3.04,'2024-02-07','Bogas Parafusos',1),(460,1,'lixa Ferro 320','1 Peça',3.38,'2024-02-07','Bogas Parafusos',1),(461,5,'Parafuso M6x12','32 Peças',0.21,'2024-02-07','Bogas Parafusos',1),(462,1,'1 T 3/4','1 Peça',1.30,'2024-02-08','Furlan Materiais De Construção',1),(463,1,'Luva 3/4 ','1 Peça',1.00,'2024-02-08','Furlan',1),(464,1,'Cotovelo 3/4x90','1 Peça',1.00,'2024-02-08','Furlan',1),(465,1,'3 Metros De Tubo 3/4','3 Metros',11.40,'2024-02-08','Furlan',1),(466,1,'Cotovelo LL 3/4','1 Peça',1.00,'2024-02-09','Furlan',1),(467,1,'Spray Preto Brilhante','1 Unidade',14.44,'2024-02-09','Bogas Parafusos',1),(468,1,'Pasta Para Lavar As Mãos','1 Peça',66.24,'2024-02-09','Bogas Parafusos',1),(469,5,'Parafuso M8x25','12 Peças',0.58,'2024-02-09','Bogas Parafusos',1),(470,5,'Porca Sextavada M8','12 Peças',0.15,'2024-02-09','Bogas Parafusos',1),(471,5,'Arroela M8x1.5mm','12 Peças',0.49,'2024-02-09','Bogas Parafusos',1),(472,19,'Acoplamento  Flexivel Ø 25','0',0.00,'2024-02-12','------------',0),(473,19,'Alminio / PU','4 Peças',0.00,'2024-02-12','------------',0),(474,19,'Pino Guia M10x50','13 Peças',3.04,'2024-02-12','Bogas Parafusos',1),(475,19,'Pino Guia M10x100','1 Peça',3.48,'2024-02-12','Bogas Parafusos',1),(476,19,'Parafuso Estojo M3x20','16 Peças',1.30,'2024-02-12','Bogas Parafusos',1),(477,19,'Cilindro CD85N25 - 180 - B','4 Unidades',0.00,'2024-02-14','------------',0),(478,19,'Articulações para Cilindro Pneumatico','4 Unidades',0.00,'2024-02-14','------------',0),(479,19,'Chapa 3/16 X 150mm X 950mm','1 Peça',0.00,'2024-02-14','------------',0),(480,1,'Lima Chata Murça','2 Unidades',61.95,'2024-02-14','Bogas Prafusos',1),(481,1,'Thiner ','5 Litros',112.35,'2024-02-14','Bogas Parafusos',1),(482,5,'Parafuso M6x25','15 Peças',0.29,'2024-02-15','Bogas Parafusos',1),(483,5,'Arroela Lisa M6','15 Peças',0.92,'2024-02-15','Bogas Parafusos',1),(484,5,'Parafuso M6x20','15 Peças',0.26,'2024-02-15','Bogas Parafusos',1),(485,19,'Parafuso M8x55','4 Peças',0.71,'2024-02-15','Bogas Parafusos',1),(486,5,'Parafuso Inox M6x16 ','15 Peças',0.42,'2024-02-16','Bogas Parafusos',1),(487,5,'Parafuso Inox M6x25','15 Peças',0.54,'2024-02-16','Bogas Parafusos',1),(488,1,'Óleo De Corte','1 Unidade',38.44,'2024-02-16','Bogas Parafusos',1),(489,5,'Parafuso M6x25','10 Peças',0.29,'2024-02-20','Bogas Parafusos',1),(490,1,'Spray Preto Brilhante','1 Unidade',17.45,'2024-02-20','Bogas Parafusos',1),(491,5,'Parafuso M5x50 Alem Preto','8 Peças',0.37,'2024-02-20','Bogas Parafusos',1),(492,19,'Parafuso M6x16','40 Peças',0.23,'2024-02-20','Bogas Parafusos',1),(493,19,'Arroela Lisa 1/4x3mm','32 Peças',0.20,'2024-02-20','Bogas Parafusos',1),(494,1,'Disco De Corte 4\'\'','12 Unidades',2.63,'2024-02-20','Bogas Parafusos',1),(495,5,'Parafuso M6x20 Inox','10 Unidades',0.46,'2024-02-20','Bogas Parafusos',1),(496,13,'Chumbador PBA 3/3x8','20 Unidades',2.41,'2024-02-21','Bogas Parafusos',1),(497,1,'Pilha Alcalina De Controle','2 Unidades',12.63,'2024-02-21','Bogas Parafusos',1),(498,19,'Parafuso M4x8 Alem','16 Peças',0.11,'2024-02-21','Bogas Parafusos',1),(499,19,'Parafuso M4x20 Alem ','50 Peças',0.18,'2024-02-21','Bogas Parafusos',1),(500,19,'Porca Sextavada M4','50 Peças',0.04,'2024-02-21','Bogas Parafusos',1),(501,5,'Poliacetal Redondo 160x93mm','6 Peças',205.00,'2024-02-22','Benetto',1),(502,1,'Flexivel Plastico 40 cm','1 Peça',10.00,'2024-02-22','Furlan Materiais De Construção',1),(503,1,'Cola De Contato','1 Peça',15.61,'2024-02-22','Bogas Parafusos',1),(504,1,'Pilha AAA','1 Unidade Com 4 Pilhas',32.47,'2024-02-22','Bogas Parafusos',1),(505,2,'Alcool','29 Litros',100.00,'2024-02-22','Posto Borba Gato',1),(506,19,'Parafuso M4x20','20 Unidades',0.18,'2024-02-22','Bogas Parafusos',1),(507,19,'Porca M 4','20 Peças',0.04,'2024-02-22','Bogas Parafusos',1),(508,1,'Spray Preto Brilhante','4 Unidades',17.45,'2024-02-23','Bogas Parafusos',1),(509,1,'Lixa Ferro gr 120','10 Unidades',3.04,'2024-02-23','Bogas Parafusos',1),(510,19,'Parafuso M6/16','20',0.22,'2024-02-26','Bogas Parafusos',1),(511,5,'Conexão PU 6','3 Peças',3.67,'2024-02-27','Bogas Parafusos',1),(512,5,'Parafuso Inox M6x16','8 Peças',0.42,'2024-02-27','Bogas Parafusos',1),(513,1,'Rebite R314','20 Peças',0.10,'2024-02-27','Bogas Parafusos',1),(514,1,'Rebite R316','20 Peças',0.11,'2024-02-27','Bogas Parafusos',1),(515,5,'Poliacental Redondo 160x93 mm','6 Peças',205.00,'2024-02-28','A Benetto',1),(516,5,'Poliacetal Redondo Branco 100x200 mm','1 Peça',162.00,'2024-02-29','A Benetto',1),(517,19,'Parafuso M6x10 Alem','30 Peças',0.19,'2024-03-01','Bogas Parafusos',1),(518,19,'Parafuso M6x16','30 Peças',0.23,'2024-03-01','Bogas Parafusos',1),(519,5,'Poliacetal 130x120','1 Peça',170.00,'2024-03-04','Abeneto',1),(520,5,'Poliacetal 130x45','1 Peça',63.00,'2024-03-04','Abeneto',1),(521,5,'Parafuso M8x16','20 Peças',0.50,'2024-03-04','Bogas Parafusos',1),(522,5,'Parafuso M8x25','4 Peças',0.51,'2024-03-04','Bogas Parafusos',1),(523,5,'Parafuso M8x25 Abaulado','4 Peças',0.63,'2024-03-04','Bogas Parafusos',1),(524,5,'Poliacetal Redondo Branco','6 Peças',40.00,'2024-03-06','Abeneto',1),(525,1,'Macho Manual M6','1 Jogo Com 3 Machos',154.13,'2024-03-06','Bogas Parafusos',1),(526,19,'Parafuso M4x25','8 peças',0.18,'2024-03-06','Bogas Parafusos',1),(527,19,'Parafuso M4x12','8 Peças',0.12,'2024-03-06','Bogas Parafusos',1),(528,1,'Chaveta Retificada 5x5x500mm','1 Peça',39.00,'2024-03-07','Quadrimetais',1),(529,1,'Chaveta Retificada 6x6x500mm','1 Peça',49.00,'2024-03-07','Quadrimetais',1),(530,5,'Parafuso M6','10 Peças',0.21,'2024-03-07','Bogas Parafusos',1),(531,1,'Disco Flap','3 Discos',19.94,'2024-03-07','Bogas Parafusos',1),(532,1,'Pasta Saponeteira 2.5Kg','1 Unidade',66.24,'2024-03-07','Bogas Parafusos',1),(533,5,'Parafuso m6x20 Abaulado','12 Peças',0.25,'2024-03-08','Bogas Parafusos',1),(534,1,'Spray Verniz Brilhante','1 Unidade',17.36,'2024-03-08','Bogas Parafusos',1),(535,5,'Bucha Carcaça 6x8x15mm','2 Peças',4.34,'2024-03-08','Bogas Parafusos',1),(536,5,'Poliacetal Redondo Branco ø160 x 150 mm','6 Peças',0.00,'2024-03-11','------------',0),(537,5,'Parafuso M6 x 12 mm Abaulado Inox','20 Peças',0.34,'2024-03-11','Bogas Parafusos',1),(538,1,'Oleo Soluvel Biodegradavel 5L','1 Unidade',109.97,'2024-03-11','Bogas Parafusos',1),(539,1,'Lixa D\'Agua','1 Unidade',2.10,'2024-03-11','Bogas Parafusos',1),(540,20,'Cantoneira 2\'\' x 1/8\'\' - Aço','11 Barras',0.00,'2024-03-11','------------',0),(541,20,'Metalon 40mm x Chapa 16','7 Barras',0.00,'2024-03-11','------------',0),(542,20,'Chapa 40 mm x 1/8\'\'','2 Barras',0.00,'2024-03-11','------------',0),(543,20,'Metalon 40mm x 20mm Chapa 16','4 Barras',0.00,'2024-03-11','------------',0),(544,19,'Porta Cabos F.A.18.26.28. c/ Terminais','4 Peças',0.00,'2024-03-12','------------',0),(545,5,'Poliacetal Branco Redondo 160x150mm','6 Peças',330.00,'2024-03-12','Abeneto',1),(546,5,'Parafuso Allen M6 x 16','4 Peças',0.22,'2024-03-12','Bogas Parafusos',1),(547,5,'Parafuso Allen M6 x 25','4 Peças',0.29,'2024-03-12','Bogas Parafusos',1),(548,1,'Disco de Lixa','20 Unidades',1.25,'2024-03-12','Bogas Parafusos',1),(549,5,'Parafuso m6x20 Inox','4 Peças',0.46,'2024-03-12','Bogas Parafusos',1),(550,5,'Parafuso M6x25 Inox','4 Peças',0.54,'2024-03-12','Bogas Parafusos',1),(551,5,'Parafuso M6x45 Inox','2 Peças',0.87,'2024-03-12','Bogas Parafusos',1),(552,5,'Parafuso M6x16 Inox','5 Peças',0.42,'2024-03-12','Bogas Parafusos',1),(553,5,'Parafuso M6x25 Inox','5 Peças',0.54,'2024-03-12','Bogas Parafusos',1),(554,5,'Parafuso M6x30 Inox','10 Peças',0.56,'2024-03-12','Bogas Parafusos',1),(555,5,'Parafuso M8x25 Inox','5 Peças',1.10,'2024-03-12','Bogas Parafusos',1),(556,20,'Aço 1020 Chato 1/2x1,1/2x2005mm','1 Peça',152.00,'2024-03-14','Quadrimetais',1),(557,1,'Fresa Topo 4 Cortes','1 Peça',82.11,'2024-03-14','Bogas Parafusos',1),(558,1,'Disco Zip 115 x 1 x 22.2','12 Unidades',2.63,'2024-03-14','Bogas Parafusos',1),(559,1,'Broca AR DIN 338 - 03.38','1 Unidade',5.75,'2024-03-14','Bogas Parafusos',1),(560,1,'Broca AR DIN 338 - 04.00','1 Unidade',5.31,'2024-03-14','Bogas Parafusos',1),(561,20,'Chapa Nylon 20x500x3000','1 Peça',2060.00,'2024-03-15','A. Beneto',0),(562,5,'Parafuso M4 x 10','10 Peças',0.11,'2024-03-15','Bogas Parafusos',1),(563,5,'Parafuso Inox M6 x 50','12 Peças',1.56,'2024-03-15','Bogas Parafusos',1),(564,5,'Arruela Lisa 5/32 x 1MM','1 Peça',0.55,'2024-03-15','Bogas Parafusos',1),(565,19,'Pino Guia 10x90','4 Peças',5.79,'2024-03-15','Bogas Parafusos',1),(566,5,'Poliacetal Branco Redondo 100 x 100 MM','1 Unidade',81.00,'2024-03-18','A Beneto',1),(567,5,'Poliacetal Redondo 100 x 100 mm','1 Peça',81.00,'2024-03-19','A Beneto',1),(568,19,'1 Barra perfil em U 2 Polegadasx 1 Polegada Parede 2,25','1 Barra ',90.00,'2024-03-20','Enfer',1),(569,19,'1 Barra Cantoneira 11/2x1/8','1 Barra',107.00,'2024-03-20','Enfer',1),(570,5,'Aluminio Redondo 82 x 80 mm','1 Peça',55.00,'2024-03-20','A Beneto',1),(571,2,'Ethanol','19 Litros',100.00,'2024-03-22','Posto Borba Gato',1),(572,1,'Arame Mig Gerdal 080MM','1 Rolo',247.65,'2024-03-22','Oximaq',1),(573,5,'Parafuso Inox M6x30','4 Peças',0.59,'2024-03-22','Bogas Parafusos',1),(574,5,'Parafuso Inox M6x80','2 Peças',1.42,'2024-03-22','Bogas Parafusos',1),(575,5,'Poliacetal 100x100mm Redondo Branco','1 Peça',81.40,'2024-03-22','Abeneto',1),(576,5,'Poliacetal Redondo Branco 100x50mm','6 Peças',40.70,'2024-03-22','Abeneto',1),(577,1,'Tubo Mola 6 X 4 X 7.70 M PU','1 Peça',23.20,'2024-03-25','Peronte Suplementos',1),(578,20,'Roldana V Para Parafuso','1 Unidade',33.26,'2024-03-25','Bogas Parafusos',1),(579,1,'Arruela Lisa M06','8 Peças',0.06,'2024-03-26','Bogas Parafusos',1),(580,1,'Porca Sextavada M6','4 Peças',0.07,'2024-03-26','Bogas Parafusos',1),(581,1,'Parafusos Inox M6','12 Peças',0.78,'2024-03-26','Bogas Parafusos',1),(582,5,'Parafuso M6','4 Peças',0.33,'2024-03-26','Bogas Parafusos',0),(583,1,'Pincel 1.1/2','3 Unidades',3.82,'2024-03-28','Bogas Parafusos',1),(584,19,'Pino Guia 6325 S/R - 010 x 060','2 Unidades',3.67,'2024-03-28','Bogas Parafusos',1),(585,1,'Lixa de Ferro GR320','2 Unidades',3.20,'2024-03-28','Bogas Parafusos',1),(586,1,'Lixa de Ferro GR120','10 Unidades',3.20,'2024-03-28','Bogas Parafusos',1),(587,1,'Lixa de Ferro GR060','10 Unidades',3.50,'2024-03-28','Bogas Parafusos',1),(588,5,'Poliacetal Redondo 160x93mm','6 Peças',205.00,'2024-03-28','Abeneto',1),(589,5,'Poliacetal Redondo 100x93','1 Peça',65.00,'2024-03-28','Abeneto',1),(590,5,'Poliacetal Redondo 100x40','1 Peça',32.50,'2024-03-28','Abeneto',1),(591,19,'Caixa EX171x145mmx090mm','2 Peças',35.25,'2024-04-02','Jabu',1),(592,1,'Eletrodo Inox','4 Unidades',13.61,'2024-04-02','Bogas Parafusos',1),(593,1,'Almotolia Metalica 500 ML','1 Peça',38.14,'2024-04-02','Bogas Parafusos',1),(594,1,'Serra Fita Intenss 27mm c/ Emenda','1 Peça',218.11,'2024-04-02','Oximaq',1),(595,1,'Disco Zip 115x1,0x22,2','12 peças',31.62,'2024-04-02','Bogas Parafusos',1),(596,20,'Aço 1020 Redondo Trefilado 2\'\'x35mm','4 Peças',48.26,'2024-04-03','Quadrimetais',1),(597,20,'Aço 1020 Redondo Trefilado 3/4x70mm','8 Peças',25.46,'2024-04-03','Quadrimetais',1),(598,1,'Alcool Gel','1 Unidade',25.30,'2024-04-03','Bogas Parafusos',1),(599,5,'Parafuso Estojo m6x16 Inox','12 Peças',0.48,'2024-04-04','Bogas Parafusos',1);
/*!40000 ALTER TABLE `pecas` ENABLE KEYS */;
UNLOCK TABLES;

--
-- Table structure for table `quinzena`
--

DROP TABLE IF EXISTS `quinzena`;
/*!40101 SET @saved_cs_client     = @@character_set_client */;
/*!50503 SET character_set_client = utf8mb4 */;
CREATE TABLE `quinzena` (
  `ID_Fortnight` int NOT NULL AUTO_INCREMENT,
  `date` datetime NOT NULL,
  `totalExpanses` double(10,2) NOT NULL,
  PRIMARY KEY (`ID_Fortnight`)
) ENGINE=InnoDB AUTO_INCREMENT=3 DEFAULT CHARSET=utf8mb4 COLLATE=utf8mb4_0900_ai_ci;
/*!40101 SET character_set_client = @saved_cs_client */;

--
-- Dumping data for table `quinzena`
--

LOCK TABLES `quinzena` WRITE;
/*!40000 ALTER TABLE `quinzena` DISABLE KEYS */;
INSERT INTO `quinzena` VALUES (1,'2024-03-13 07:26:47',17163.14),(2,'2024-03-28 08:40:11',22503.75);
/*!40000 ALTER TABLE `quinzena` ENABLE KEYS */;
UNLOCK TABLES;
/*!40103 SET TIME_ZONE=@OLD_TIME_ZONE */;

/*!40101 SET SQL_MODE=@OLD_SQL_MODE */;
/*!40014 SET FOREIGN_KEY_CHECKS=@OLD_FOREIGN_KEY_CHECKS */;
/*!40014 SET UNIQUE_CHECKS=@OLD_UNIQUE_CHECKS */;
/*!40101 SET CHARACTER_SET_CLIENT=@OLD_CHARACTER_SET_CLIENT */;
/*!40101 SET CHARACTER_SET_RESULTS=@OLD_CHARACTER_SET_RESULTS */;
/*!40101 SET COLLATION_CONNECTION=@OLD_COLLATION_CONNECTION */;
/*!40111 SET SQL_NOTES=@OLD_SQL_NOTES */;

-- Dump completed on 2024-04-04 10:08:35
